PersonIdCode,PersonNumber,FirstName,LastName,GenderAsString,DateOfBirth,Age,AgeCategory,AgeCategoryText,NativeLanguage,CantonAbbreviation,CantonName,CouncilAbbreviation,DateElection,DateJoining,ParlGroupAbbreviation,ParlGroupName,ParlGroupFunctionText,PartyAbbreviation,PartyName,FirstSession,FirstSessionDate,Seniority,TotalWords,NbrSessions,TotalInterventions,InterventionPerSession,ParlPosX,ParlPosY
2023,724,Daniel,Brélaz,m,04.01.1950,66,5,60-69,F,VD,Vaud,CN,2015-10-18T00:00:00,2015-11-30T00:00:00,G,Groupe des Verts,Membre,PES,Parti écologiste suisse,4802,2008-03-03,3223,21367,45,59,1.3111111111111111,282.8,377.3
2061,466,Anita,Fetz,f,19.03.1957,59,4,50-59,D,BS,Bâle-Ville,CE,2015-10-18T00:00:00,2015-11-30T00:00:00,S,Groupe socialiste,Membre,PSS,Parti socialiste suisse,4603,2000-06-05,6051,401591,82,1030,12.560975609756095,610.1,129.9
2129,487,Susanne,Leutenegger Oberholzer,f,06.03.1948,68,5,60-69,D,BL,Bâle-Campagne,CN,2015-10-18T00:00:00,2015-11-30T00:00:00,S,Groupe socialiste,Membre,PSS,Parti socialiste suisse,4601,1999-12-06,6233,384897,84,1292,15.38095238095238,117.4,514.6
2143,172,Paul,Rechsteiner,m,26.08.1952,64,5,60-69,D,SG,St-Gall,CE,2015-11-15T00:00:00,2015-11-30T00:00:00,S,Groupe socialiste,Membre,PSS,Parti socialiste suisse,4601,1999-12-06,6233,210298,84,444,5.285714285714286,685,209.1
2147,173,Maximilian,Reimann,m,07.05.1942,74,6,70+,D,AG,Argovie,CN,2015-10-18T00:00:00,2015-11-30T00:00:00,V,Groupe de l'Union démocratique du Centre,Membre,UDC,Union Démocratique du Centre,4601,1999-12-06,6233,211973,84,585,6.9642857142857135,386.9,206.6
2287,74,Christoph,Eymann,m,15.01.1951,65,5,60-69,D,BS,Bâle-Ville,CN,2015-10-18T00:00:00,2015-11-30T00:00:00,RL,Groupe libéral-radical,Membre,PLD,Parti libéral démocrate,4601,1999-12-06,6233,5829,84,17,0.2023809523809524,89.2,323.9
2292,91,Ulrich,Giezendanner,m,31.10.1953,63,5,60-69,D,AG,Argovie,CN,2015-10-18T00:00:00,2015-11-30T00:00:00,V,Groupe de l'Union démocratique du Centre,Membre,UDC,Union Démocratique du Centre,4601,1999-12-06,6233,43137,84,278,3.3095238095238093,286.5,62.1
2310,146,Ueli,Maurer,m,01.12.1950,65,5,60-69,D,ZH,Zurich,CF,2008-12-10T00:00:00,2008-12-10T00:00:00,,,,UDC,Union Démocratique du Centre,4609,2001-09-17,5582,385003,76,1079,14.197368421052632,488.8,287.5
2323,214,Luzi,Stamm,m,09.09.1952,64,5,60-69,D,AG,Argovie,CN,2015-10-18T00:00:00,2015-11-30T00:00:00,V,Groupe de l'Union démocratique du Centre,Membre,UDC,Union Démocratique du Centre,4601,1999-12-06,6233,111497,84,337,4.011904761904762,115.7,95.3
2328,224,Alexander,Tschäppät,m,16.04.1952,64,5,60-69,D,BE,Berne,CN,2015-10-18T00:00:00,2015-11-30T00:00:00,S,Groupe socialiste,Membre,PSS,Parti socialiste suisse,4601,1999-12-06,6233,16566,84,33,0.3928571428571429,188.3,442.1
2370,305,Didier,Berberat,m,01.12.1956,59,4,50-59,F,NE,Neuchâtel,CE,2015-10-18T00:00:00,2015-11-30T00:00:00,S,Groupe socialiste,Membre,PSS,Parti socialiste suisse,4601,1999-12-06,6233,213615,84,503,5.988095238095237,647.1,138.2
2372,307,Toni,Brunner,m,23.08.1974,42,3,40-49,D,SG,St-Gall,CN,2015-10-18T00:00:00,2015-11-30T00:00:00,V,Groupe de l'Union démocratique du Centre,Membre,UDC,Union Démocratique du Centre,4602,2000-03-06,6142,77432,83,225,2.710843373493976,179.4,54.9
2385,321,Peter,Föhn,m,11.12.1952,63,5,60-69,D,SZ,Schwyz,CE,2015-10-18T00:00:00,2015-11-30T00:00:00,V,Groupe de l'Union démocratique du Centre,Membre,UDC,Union Démocratique du Centre,4601,1999-12-06,6233,161070,84,470,5.595238095238094,679.6,339.8
2405,341,Liliane,Maury Pasquier,f,16.12.1956,59,4,50-59,F,GE,Genève,CE,2015-11-08T00:00:00,2015-11-30T00:00:00,S,Groupe socialiste,Membre,PSS,Parti socialiste suisse,4601,1999-12-06,6233,448340,84,1648,19.61904761904762,608.9,200.4
2417,354,Silva,Semadeni,f,08.02.1952,64,5,60-69,I,GR,Grisons,CN,2015-10-18T00:00:00,2015-11-30T00:00:00,S,Groupe socialiste,Membre,PSS,Parti socialiste suisse,4901,2011-12-05,1851,26548,26,90,3.4615384615384617,192.3,485.5
2501,477,Claude,Janiak,m,30.10.1948,68,5,60-69,D,BL,Bâle-Campagne,CE,2015-10-18T00:00:00,2015-11-30T00:00:00,S,Groupe socialiste,Membre,PSS,Parti socialiste suisse,4602,2000-03-06,6142,370707,83,1807,21.7710843373494,609.7,165.3
2510,488,Doris,Leuthard,f,10.04.1963,53,4,50-59,D,AG,Argovie,CF,2006-06-14T00:00:00,2006-06-14T00:00:00,,,,PDC,Parti démocrate-chrétien suisse,4602,2000-03-06,6142,1013703,83,2975,35.843373493975896,500.1,307
2525,502,Kathy,Riklin,f,21.10.1952,64,5,60-69,D,ZH,Zurich,CN,2015-10-18T00:00:00,2015-11-30T00:00:00,C,Groupe PDC,Membre,PDC,Parti démocrate-chrétien suisse,4603,2000-06-05,6051,124340,82,394,4.8048780487804885,20.6,326.6
2530,508,Johann N.,Schneider-Ammann,m,18.02.1952,64,5,60-69,D,BE,Berne,CF,2010-09-22T00:00:00,2010-09-22T00:00:00,,,,PLR,PLR.Les Libéraux-Radicaux,4602,2000-03-06,6142,487784,83,1593,19.192771084337352,478,307
2534,512,Simonetta,Sommaruga,f,14.05.1960,56,4,50-59,D,BE,Berne,CF,2010-09-22T00:00:00,2010-09-22T00:00:00,,,,PSS,Parti socialiste suisse,4601,1999-12-06,6233,961632,84,2386,28.404761904761905,455.9,307
2536,514,Jürg,Stahl,m,16.01.1968,48,3,40-49,D,ZH,Zurich,CN,2015-10-18T00:00:00,2015-11-30T00:00:00,V,Groupe de l'Union démocratique du Centre,Membre,UDC,Union Démocratique du Centre,4602,2000-03-06,6142,75836,83,662,7.975903614457831,390,304.3
2541,519,Hansjörg,Walter,m,05.02.1951,65,5,60-69,D,TG,Thurgovie,CN,2015-10-18T00:00:00,2015-11-30T00:00:00,V,Groupe de l'Union démocratique du Centre,Membre,UDC,Union Démocratique du Centre,4602,2000-03-06,6142,189759,83,1288,15.518072289156626,250.6,67.2
2546,525,Roberto,Zanetti,m,14.12.1954,61,5,60-69,D,SO,Soleure,CE,2015-11-15T00:00:00,2015-11-30T00:00:00,S,Groupe socialiste,Membre,PSS,Parti socialiste suisse,4605,2000-11-27,5876,120499,80,319,3.9875,645.2,175.3
2561,540,Filippo,Lombardi,m,29.05.1956,60,5,60-69,I,TI,Tessin,CE,2015-11-15T00:00:00,2015-11-30T00:00:00,C,Groupe PDC,Président(e),PDC,Parti démocrate-chrétien suisse,4602,2000-03-06,6142,365077,83,1891,22.783132530120483,610.9,480.3
2565,801,Fabio,Abate,m,04.01.1966,50,4,50-59,I,TI,Tessin,CE,2015-11-15T00:00:00,2015-11-30T00:00:00,RL,Groupe libéral-radical,Membre,PLR,PLR.Les Libéraux-Radicaux,4606,2001-03-05,5778,89077,79,260,3.2911392405063293,672.5,414.3
2569,806,Maya,Graf,f,28.02.1962,54,4,50-59,D,BL,Bâle-Campagne,CN,2015-10-18T00:00:00,2015-11-30T00:00:00,G,Groupe des Verts,Membre,PES,Parti écologiste suisse,4611,2001-11-26,5512,197809,74,1133,15.310810810810812,236.5,394
2573,823,Pascale,Bruderer Wyss,f,28.07.1977,39,2,30-39,D,AG,Argovie,CE,2015-10-18T00:00:00,2015-11-30T00:00:00,S,Groupe socialiste,Membre,PSS,Parti socialiste suisse,4614,2002-06-03,5323,221382,71,1322,18.61971830985916,628.4,168.1
2575,825,Hannes,Germann,m,01.07.1956,60,5,60-69,D,SH,Schaffhouse,CE,2015-10-18T00:00:00,2015-11-30T00:00:00,V,Groupe de l'Union démocratique du Centre,Membre,UDC,Union Démocratique du Centre,4616,2002-11-25,5148,393259,69,1850,26.81159420289855,702.7,371.2
2580,1071,Ruth,Humbel,f,23.07.1957,59,4,50-59,D,AG,Argovie,CN,2015-10-18T00:00:00,2015-11-30T00:00:00,C,Groupe PDC,Membre,PDC,Parti démocrate-chrétien suisse,4620,2003-09-15,4854,181589,65,495,7.615384615384616,22.9,344.1
2583,1131,Evi,Allemann,f,16.07.1978,38,2,30-39,D,BE,Berne,CN,2015-10-18T00:00:00,2015-11-30T00:00:00,S,Groupe socialiste,Membre,PSS,Parti socialiste suisse,4701,2003-12-01,4777,75168,64,214,3.34375,268.8,546.9
2584,1135,Adrian,Amstutz,m,02.12.1953,62,5,60-69,D,BE,Berne,CN,2015-10-18T00:00:00,2015-11-30T00:00:00,V,Groupe de l'Union démocratique du Centre,Président(e),UDC,Union Démocratique du Centre,4703,2004-05-03,4623,49308,62,361,5.82258064516129,196.7,47.2
2585,1138,Martin,Bäumle,m,03.06.1964,52,4,50-59,D,ZH,Zurich,CN,2015-10-18T00:00:00,2015-11-30T00:00:00,GL,Groupe vert'libéral,Membre,pvl,Parti vert'libéral,4702,2004-03-01,4686,125663,63,323,5.126984126984127,161.6,416
2588,1104,Jakob,Büchler,m,29.05.1952,64,5,60-69,D,SG,St-Gall,CN,2015-10-18T00:00:00,2015-11-30T00:00:00,C,Groupe PDC,Membre,PDC,Parti démocrate-chrétien suisse,4705,2004-09-20,4483,56828,60,247,4.116666666666666,55.6,324.6
2589,1116,Didier,Burkhalter,m,17.04.1960,56,4,50-59,F,NE,Neuchâtel,CF,2009-09-16T00:00:00,2009-09-16T00:00:00,,,,PLR,PLR.Les Libéraux-Radicaux,4702,2004-03-01,4686,673576,63,1158,18.38095238095238,467.4,288
2593,1124,Dominique,de Buman,m,28.04.1956,60,5,60-69,F,FR,Fribourg,CN,2015-10-18T00:00:00,2015-11-30T00:00:00,C,Groupe PDC,Membre,PDC,Parti démocrate-chrétien suisse,4701,2003-12-01,4777,213037,64,466,7.28125,390.1,260
2594,1122,Kurt,Fluri,m,19.08.1955,61,5,60-69,D,SO,Soleure,CN,2015-10-18T00:00:00,2015-11-30T00:00:00,RL,Groupe libéral-radical,Membre,PLR,PLR.Les Libéraux-Radicaux,4702,2004-03-01,4686,231971,63,710,11.26984126984127,48.8,182.8
2597,1125,Chantal,Galladé,f,17.12.1972,43,3,40-49,D,ZH,Zurich,CN,2015-10-18T00:00:00,2015-11-30T00:00:00,S,Groupe socialiste,Membre,PSS,Parti socialiste suisse,4703,2004-05-03,4623,48164,62,145,2.338709677419355,289.5,547.7
2600,1106,Brigitte,Häberli-Koller,f,23.08.1958,58,4,50-59,D,TG,Thurgovie,CE,2015-10-18T00:00:00,2015-11-30T00:00:00,C,Groupe PDC,Membre,PDC,Parti démocrate-chrétien suisse,4702,2004-03-01,4686,78268,63,286,4.53968253968254,609.9,445.5
2601,1156,Bea,Heim,f,07.04.1946,70,6,70+,D,SO,Soleure,CN,2015-10-18T00:00:00,2015-11-30T00:00:00,S,Groupe socialiste,Membre,PSS,Parti socialiste suisse,4702,2004-03-01,4686,152344,63,422,6.6984126984126995,153.3,500.7
2608,1147,Margret,Kiener Nellen,f,17.04.1953,63,5,60-69,D,BE,Berne,CN,2015-10-18T00:00:00,2015-11-30T00:00:00,S,Groupe socialiste,Membre,PSS,Parti socialiste suisse,4702,2004-03-01,4686,151231,63,494,7.841269841269841,139.7,490.3
2613,1150,Christian,Levrat,m,07.07.1970,46,3,40-49,F,FR,Fribourg,CE,2015-11-08T00:00:00,2015-11-30T00:00:00,S,Groupe socialiste,Membre,PSS,Parti socialiste suisse,4701,2003-12-01,4777,213347,64,376,5.875,664.7,146.6
2614,1139,Christa,Markwalder,f,27.07.1975,41,3,40-49,D,BE,Berne,CN,2015-10-18T00:00:00,2015-11-30T00:00:00,RL,Groupe libéral-radical,Membre,PLR,PLR.Les Libéraux-Radicaux,4703,2004-05-03,4623,249463,62,1375,22.177419354838705,113.1,147.3
2616,1141,Philipp,Müller,m,05.09.1952,64,5,60-69,D,AG,Argovie,CE,2015-11-22T00:00:00,2015-11-30T00:00:00,RL,Groupe libéral-radical,Membre,PLR,PLR.Les Libéraux-Radicaux,4703,2004-05-03,4623,129983,62,389,6.274193548387097,694.3,386.7
2617,1137,Walter,Müller,m,25.04.1948,68,5,60-69,D,SG,St-Gall,CN,2015-10-18T00:00:00,2015-11-30T00:00:00,RL,Groupe libéral-radical,Membre,PLR,PLR.Les Libéraux-Radicaux,4701,2003-12-01,4777,97147,64,334,5.21875,26,249.5
2618,1111,Felix,Müri,m,22.01.1958,58,4,50-59,D,LU,Lucerne,CN,2015-10-18T00:00:00,2015-11-30T00:00:00,V,Groupe de l'Union démocratique du Centre,Membre,UDC,Union Démocratique du Centre,4707,2005-02-28,4322,17009,58,111,1.913793103448276,287.8,96.4
2619,1153,Ruedi,Noser,m,14.04.1961,55,4,50-59,D,ZH,Zurich,CE,2015-11-22T00:00:00,2015-12-08T00:00:00,RL,Groupe libéral-radical,Membre,PLR,PLR.Les Libéraux-Radicaux,4702,2004-03-01,4686,118297,63,283,4.492063492063492,684.2,401.6
2621,1108,Guy,Parmelin,m,09.11.1959,57,4,50-59,F,VD,Vaud,CF,2015-12-09T00:00:00,2015-12-09T00:00:00,,,,UDC,Union Démocratique du Centre,4702,2004-03-01,4686,104258,63,315,5.0,467.4,326.1
2623,1109,Gerhard,Pfister,m,01.10.1962,54,4,50-59,D,ZG,Zoug,CN,2015-10-18T00:00:00,2015-11-30T00:00:00,C,Groupe PDC,Membre,PDC,Parti démocrate-chrétien suisse,4703,2004-05-03,4623,72372,62,173,2.790322580645161,30.5,378.4
2627,1119,Jean-François,Rime,m,28.06.1950,66,5,60-69,F,FR,Fribourg,CN,2015-10-18T00:00:00,2015-11-30T00:00:00,V,Groupe de l'Union démocratique du Centre,Membre,UDC,Union Démocratique du Centre,4702,2004-03-01,4686,104640,63,502,7.9682539682539675,146.2,72.7
2629,1148,Géraldine,Savary,f,14.11.1968,48,3,40-49,F,VD,Vaud,CE,2015-11-08T00:00:00,2015-11-30T00:00:00,S,Groupe socialiste,Membre,PSS,Parti socialiste suisse,4704,2004-06-01,4594,222871,61,434,7.114754098360656,578.3,293.6
2630,1129,Silvia,Schenker,f,17.01.1954,62,5,60-69,D,BS,Bâle-Ville,CN,2015-10-18T00:00:00,2015-11-30T00:00:00,S,Groupe socialiste,Membre,PSS,Parti socialiste suisse,4702,2004-03-01,4686,116530,63,351,5.571428571428571,197.1,562.8
2631,1159,Pirmin,Schwander,m,28.12.1961,54,4,50-59,D,SZ,Schwyz,CN,2015-10-18T00:00:00,2015-11-30T00:00:00,V,Groupe de l'Union démocratique du Centre,Membre,UDC,Union Démocratique du Centre,4702,2004-03-01,4686,154285,63,634,10.063492063492065,142.5,222.8
2632,1120,Carlo,Sommaruga,m,08.07.1959,57,4,50-59,F,GE,Genève,CN,2015-10-18T00:00:00,2015-11-30T00:00:00,S,Groupe socialiste,Membre,PSS,Parti socialiste suisse,4702,2004-03-01,4686,282838,63,594,9.428571428571429,234.1,539.7
2638,1142,Walter,Wobmann,m,21.11.1957,58,4,50-59,D,SO,Soleure,CN,2015-10-18T00:00:00,2015-11-30T00:00:00,V,Groupe de l'Union démocratique du Centre,Membre,UDC,Union Démocratique du Centre,4703,2004-05-03,4623,29588,62,145,2.338709677419355,293.4,130.1
2641,1162,Alex,Kuprecht,m,22.12.1957,58,4,50-59,D,SZ,Schwyz,CE,2015-10-18T00:00:00,2015-11-30T00:00:00,V,Groupe de l'Union démocratique du Centre,Membre,UDC,Union Démocratique du Centre,4701,2003-12-01,4777,209473,64,516,8.0625,683.5,288.5
2642,1161,Alain,Berset,m,09.04.1972,44,3,40-49,F,FR,Fribourg,CF,2011-12-14T00:00:00,2011-12-14T00:00:00,,,,PSS,Parti socialiste suisse,4702,2004-03-01,4686,800001,63,2783,44.17460317460318,489,326.1
2646,1288,Viola,Amherd,f,07.06.1962,54,4,50-59,D,VS,Valais,CN,2015-10-18T00:00:00,2015-11-30T00:00:00,C,Groupe PDC,Vice-président(e),PDC,Parti démocrate-chrétien suisse,4709,2005-09-19,4119,67955,56,210,3.75,49.6,427
2647,1267,Hans,Stöckli,m,12.04.1952,64,5,60-69,D,BE,Berne,CE,2015-11-15T00:00:00,2015-11-30T00:00:00,S,Groupe socialiste,Membre,PSS,Parti socialiste suisse,4707,2005-02-28,4322,112258,58,325,5.603448275862068,673.8,196.4
2648,1279,Roger,Nordmann,m,23.03.1973,43,3,40-49,F,VD,Vaud,CN,2015-10-18T00:00:00,2015-11-30T00:00:00,S,Groupe socialiste,Président(e),PSS,Parti socialiste suisse,4706,2004-11-29,4413,157559,59,391,6.627118644067798,131.7,526.6
2652,1295,Edith,Graf-Litscher,f,25.03.1964,52,4,50-59,D,TG,Thurgovie,CN,2015-10-18T00:00:00,2015-11-30T00:00:00,S,Groupe socialiste,Membre,PSS,Parti socialiste suisse,4711,2006-03-06,3951,56609,54,212,3.9259259259259265,325.8,348.4
2654,1318,Louis,Schelbert,m,31.10.1952,64,5,60-69,D,LU,Lucerne,CN,2015-10-18T00:00:00,2015-11-30T00:00:00,G,Groupe des Verts,Membre,PES,Parti écologiste suisse,4712,2006-05-08,3888,204510,53,579,10.924528301886792,262.8,369.7
2657,1337,Ida,Glanzmann-Hunkeler,f,29.09.1958,58,4,50-59,D,LU,Lucerne,CN,2015-10-18T00:00:00,2015-11-30T00:00:00,C,Groupe PDC,Membre,PDC,Parti démocrate-chrétien suisse,4715,2006-12-04,3678,38702,50,118,2.36,41.7,411.5
2660,1346,Isabelle,Moret,f,30.12.1970,45,3,40-49,F,VD,Vaud,CN,2015-10-18T00:00:00,2015-11-30T00:00:00,RL,Groupe libéral-radical,Membre,PLR,PLR.Les Libéraux-Radicaux,4716,2007-03-05,3587,115009,49,266,5.428571428571429,58.1,167.4
2661,1345,Thomas,Müller,m,01.12.1952,63,5,60-69,D,SG,St-Gall,CN,2015-10-18T00:00:00,2015-11-30T00:00:00,V,Groupe de l'Union démocratique du Centre,Membre,UDC,Union Démocratique du Centre,4716,2007-03-05,3587,32597,49,136,2.7755102040816326,161.3,194.4
2664,3828,Ignazio,Cassis,m,13.04.1961,55,4,50-59,I,TI,Tessin,CN,2015-10-18T00:00:00,2015-11-30T00:00:00,RL,Groupe libéral-radical,Président(e),PLR,PLR.Les Libéraux-Radicaux,4717,2007-06-04,3496,102798,48,284,5.916666666666668,41.7,198.8
2666,3830,Marina,Carobbio Guscetti,f,12.06.1966,50,4,50-59,I,TI,Tessin,CN,2015-10-18T00:00:00,2015-11-30T00:00:00,S,Groupe socialiste,Membre,PSS,Parti socialiste suisse,4717,2007-06-04,3496,112343,48,280,5.833333333333332,389.7,225.2
2667,3831,Ivo,Bischofberger,m,24.02.1958,58,4,50-59,D,AI,Appenzell Rh.-Int.,CE,2015-10-18T00:00:00,2015-11-30T00:00:00,C,Groupe PDC,Membre,PDC,Parti démocrate-chrétien suisse,4718,2007-09-17,3391,131696,47,806,17.148936170212767,550.5,306.2
2669,3865,Jean-François,Steiert,m,07.02.1961,55,4,50-59,D,FR,Fribourg,CN,2015-10-18T00:00:00,2015-11-30T00:00:00,S,Groupe socialiste,Membre,PSS,Parti socialiste suisse,4718,2007-09-17,3391,131319,47,272,5.787234042553193,238.5,506.2
2670,3867,Andreas,Aebi,m,26.11.1958,57,4,50-59,D,BE,Berne,CN,2015-10-18T00:00:00,2015-11-30T00:00:00,V,Groupe de l'Union démocratique du Centre,Membre,UDC,Union Démocratique du Centre,4802,2008-03-03,3223,26146,45,115,2.555555555555556,295.2,197.9
2674,3871,Pirmin,Bischof,m,24.02.1959,57,4,50-59,D,SO,Soleure,CE,2015-10-18T00:00:00,2015-11-30T00:00:00,C,Groupe PDC,Membre,PDC,Parti démocrate-chrétien suisse,4801,2007-12-03,3314,134416,46,344,7.478260869565218,663.9,463.2
2675,3872,Jacques,Bourgeois,m,14.03.1958,58,4,50-59,F,FR,Fribourg,CN,2015-10-18T00:00:00,2015-11-30T00:00:00,RL,Groupe libéral-radical,Membre,PLR,PLR.Les Libéraux-Radicaux,4802,2008-03-03,3223,57044,45,163,3.6222222222222222,22,284.3
2678,3875,Corina,Eichenberger-Walther,f,14.10.1954,62,5,60-69,D,AG,Argovie,CN,2015-10-18T00:00:00,2015-11-30T00:00:00,RL,Groupe libéral-radical,Membre,PLR,PLR.Les Libéraux-Radicaux,4802,2008-03-03,3223,41719,45,98,2.1777777777777776,77,138
2679,3876,Yvette,Estermann,f,26.02.1967,49,3,40-49,Sk,LU,Lucerne,CN,2015-10-18T00:00:00,2015-11-30T00:00:00,V,Groupe de l'Union démocratique du Centre,Membre,UDC,Union Démocratique du Centre,4802,2008-03-03,3223,19550,45,63,1.4,325.3,277
2680,3877,Doris,Fiala,f,29.01.1957,59,4,50-59,D,ZH,Zurich,CN,2015-10-18T00:00:00,2015-11-30T00:00:00,RL,Groupe libéral-radical,Membre,PLR,PLR.Les Libéraux-Radicaux,4802,2008-03-03,3223,39300,45,123,2.7333333333333334,55,286.2
2681,3878,Sylvia,Flückiger-Bäni,f,01.06.1952,64,5,60-69,D,AG,Argovie,CN,2015-10-18T00:00:00,2015-11-30T00:00:00,V,Groupe de l'Union démocratique du Centre,Membre,UDC,Union Démocratique du Centre,4801,2007-12-03,3314,54550,46,158,3.4347826086956523,293.9,164.4
2682,3879,Olivier,Français,m,01.10.1955,61,5,60-69,F,VD,Vaud,CE,2015-11-08T00:00:00,2015-11-30T00:00:00,RL,Groupe libéral-radical,Membre,PLR,PLR.Les Libéraux-Radicaux,4804,2008-05-26,3139,69964,43,167,3.8837209302325584,695,223.3
2683,3880,Andrea Martina,Geissbühler,f,03.08.1976,40,3,40-49,D,BE,Berne,CN,2015-10-18T00:00:00,2015-11-30T00:00:00,V,Groupe de l'Union démocratique du Centre,Membre,UDC,Union Démocratique du Centre,4801,2007-12-03,3314,23566,46,86,1.8695652173913044,233.1,70.6
2685,3882,Bastien,Girod,m,21.12.1980,35,2,30-39,D,ZH,Zurich,CN,2015-10-18T00:00:00,2015-11-30T00:00:00,G,Groupe des Verts,Membre,PES,Parti écologiste suisse,4801,2007-12-03,3314,69497,46,232,5.043478260869565,191.9,323.5
2686,3883,Alice,Glauser-Zufferey,f,18.10.1954,62,5,60-69,F,VD,Vaud,CN,2015-10-18T00:00:00,2016-02-29T00:00:00,V,Groupe de l'Union démocratique du Centre,Membre,UDC,Union Démocratique du Centre,4804,2008-05-26,3139,17208,43,43,1.0,163.2,145
2688,3885,Jean-Pierre,Grin,m,16.03.1947,69,5,60-69,F,VD,Vaud,CN,2015-10-18T00:00:00,2015-11-30T00:00:00,V,Groupe de l'Union démocratique du Centre,Membre,UDC,Union Démocratique du Centre,4801,2007-12-03,3314,84919,46,306,6.652173913043479,215.8,149.8
2689,3886,Hans,Grunder,m,13.06.1956,60,5,60-69,D,BE,Berne,CN,2015-10-18T00:00:00,2015-11-30T00:00:00,BD,Groupe BD,Membre,PBD,Parti bourgeois-démocratique suisse,4804,2008-05-26,3139,41026,43,155,3.6046511627906983,123.2,286.8
2690,3887,Alfred,Heer,m,12.10.1961,55,4,50-59,D,ZH,Zurich,CN,2015-10-18T00:00:00,2015-11-30T00:00:00,V,Groupe de l'Union démocratique du Centre,Membre,UDC,Union Démocratique du Centre,4802,2008-03-03,3223,22047,45,86,1.9111111111111112,187.6,167.8
2691,3888,Hugues,Hiltpold,m,05.05.1969,47,3,40-49,F,GE,Genève,CN,2015-10-18T00:00:00,2015-11-30T00:00:00,RL,Groupe libéral-radical,Membre,PLR,PLR.Les Libéraux-Radicaux,4801,2007-12-03,3314,81130,46,196,4.260869565217392,22.8,266.8
2693,3890,Thomas,Hurter,m,01.11.1963,53,4,50-59,D,SH,Schaffhouse,CN,2015-10-18T00:00:00,2015-11-30T00:00:00,V,Groupe de l'Union démocratique du Centre,Membre,UDC,Union Démocratique du Centre,4801,2007-12-03,3314,55481,46,182,3.9565217391304346,182.6,91.1
2694,3891,Daniel,Jositsch,m,25.03.1965,51,4,50-59,D,ZH,Zurich,CE,2015-10-18T00:00:00,2015-12-08T00:00:00,S,Groupe socialiste,Membre,PSS,Parti socialiste suisse,4801,2007-12-03,3314,81817,46,251,5.456521739130435,629.2,132.2
2698,3895,Christian,Lüscher,m,06.12.1963,52,4,50-59,F,GE,Genève,CN,2015-10-18T00:00:00,2015-11-30T00:00:00,RL,Groupe libéral-radical,Membre,PLR,PLR.Les Libéraux-Radicaux,4801,2007-12-03,3314,110340,46,228,4.956521739130435,88.7,123.9
2700,3897,Tiana Angelina,Moser,f,06.04.1979,37,2,30-39,D,ZH,Zurich,CN,2015-10-18T00:00:00,2015-11-30T00:00:00,GL,Groupe vert'libéral,Président(e),pvl,Parti vert'libéral,4801,2007-12-03,3314,47961,46,117,2.5434782608695654,143.7,388.1
2701,3898,Yves,Nidegger,m,17.05.1957,59,4,50-59,F,GE,Genève,CN,2015-10-18T00:00:00,2015-11-30T00:00:00,V,Groupe de l'Union démocratique du Centre,Membre,UDC,Union Démocratique du Centre,4802,2008-03-03,3223,109916,45,250,5.5555555555555545,237.6,104.3
2702,3899,Eric,Nussbaumer,m,11.07.1960,56,4,50-59,D,BL,Bâle-Campagne,CN,2015-10-18T00:00:00,2015-11-30T00:00:00,S,Groupe socialiste,Membre,PSS,Parti socialiste suisse,4801,2007-12-03,3314,36383,46,127,2.760869565217391,278.4,479.1
2704,3901,Lukas,Reimann,m,18.09.1982,34,2,30-39,D,SG,St-Gall,CN,2015-10-18T00:00:00,2015-11-30T00:00:00,V,Groupe de l'Union démocratique du Centre,Membre,UDC,Union Démocratique du Centre,4801,2007-12-03,3314,38340,46,121,2.630434782608696,262,240.6
2705,3902,Natalie,Rickli,f,19.11.1976,39,2,30-39,D,ZH,Zurich,CN,2015-10-18T00:00:00,2015-11-30T00:00:00,V,Groupe de l'Union démocratique du Centre,Membre,UDC,Union Démocratique du Centre,4802,2008-03-03,3223,38846,45,155,3.4444444444444446,267.9,64.2
2707,3904,Barbara,Schmid-Federer,f,10.11.1965,51,4,50-59,D,ZH,Zurich,CN,2015-10-18T00:00:00,2015-11-30T00:00:00,C,Groupe PDC,Membre,PDC,Parti démocrate-chrétien suisse,4802,2008-03-03,3223,44893,45,123,2.7333333333333334,35.7,395.5
2708,3905,Roberto,Schmidt,m,16.07.1962,54,4,50-59,D,VS,Valais,CN,2015-10-18T00:00:00,2015-11-30T00:00:00,C,Groupe PDC,Membre,PDC,Parti démocrate-chrétien suisse,4802,2008-03-03,3223,28712,45,102,2.2666666666666666,119,414.2
2710,3907,Adèle,Thorens Goumaz,f,15.12.1971,44,3,40-49,F,VD,Vaud,CN,2015-10-18T00:00:00,2015-11-30T00:00:00,G,Groupe des Verts,Membre,PES,Parti écologiste suisse,4801,2007-12-03,3314,74241,46,167,3.6304347826086962,250.1,402
2713,3910,Erich,von Siebenthal,m,30.12.1958,57,4,50-59,D,BE,Berne,CN,2015-10-18T00:00:00,2015-11-30T00:00:00,V,Groupe de l'Union démocratique du Centre,Membre,UDC,Union Démocratique du Centre,4802,2008-03-03,3223,24249,45,116,2.5777777777777784,261.5,133.8
2715,3912,Christian,Wasserfallen,m,30.06.1981,35,2,30-39,D,BE,Berne,CN,2015-10-18T00:00:00,2015-11-30T00:00:00,RL,Groupe libéral-radical,Membre,PLR,PLR.Les Libéraux-Radicaux,4801,2007-12-03,3314,132165,46,441,9.58695652173913,30,232
2717,3914,Robert,Cramer,m,07.02.1954,62,5,60-69,F,GE,Genève,CE,2015-11-08T00:00:00,2015-11-30T00:00:00,G,Groupe des Verts,Membre,PES,Parti écologiste suisse,4802,2008-03-03,3223,220867,45,385,8.555555555555555,624.8,203.8
2718,3915,Jean-René,Fournier,m,18.12.1957,58,4,50-59,F,VS,Valais,CE,2015-11-01T00:00:00,2015-11-30T00:00:00,C,Groupe PDC,Membre,PDC,Parti démocrate-chrétien suisse,4801,2007-12-03,3314,126236,46,234,5.086956521739131,578.8,317.2
2719,3916,Claude,Hêche,m,20.12.1952,63,5,60-69,F,JU,Jura,CE,2015-10-18T00:00:00,2015-11-30T00:00:00,S,Groupe socialiste,Membre,PSS,Parti socialiste suisse,4801,2007-12-03,3314,269418,46,1669,36.28260869565217,693.8,168.1
2721,3918,Werner,Luginbühl,m,04.01.1958,58,4,50-59,D,BE,Berne,CE,2015-11-15T00:00:00,2015-11-30T00:00:00,BD,Groupe BD,Membre,PBD,Parti bourgeois-démocratique suisse,4802,2008-03-03,3223,109357,45,312,6.933333333333334,664.5,372.2
2723,3920,Anne,Seydoux-Christe,f,07.07.1958,58,4,50-59,F,JU,Jura,CE,2015-10-18T00:00:00,2015-11-30T00:00:00,C,Groupe PDC,Membre,PDC,Parti démocrate-chrétien suisse,4806,2008-12-01,2950,98963,41,264,6.439024390243902,715.7,194.4
2724,3921,Konrad,Graber,m,24.07.1958,58,4,50-59,D,LU,Lucerne,CE,2015-11-15T00:00:00,2015-11-30T00:00:00,C,Groupe PDC,Membre,PDC,Parti démocrate-chrétien suisse,4801,2007-12-03,3314,230904,46,591,12.847826086956523,644.4,434.9
2726,3923,Ada,Marra,f,10.03.1973,43,3,40-49,F,VD,Vaud,CN,2015-10-18T00:00:00,2015-11-30T00:00:00,S,Groupe socialiste,Membre,PSS,Parti socialiste suisse,4801,2007-12-03,3314,59821,46,160,3.4782608695652173,231,467.2
2728,3931,Thomas,Weibel,m,14.07.1954,62,5,60-69,D,ZH,Zurich,CN,2015-10-18T00:00:00,2015-11-30T00:00:00,GL,Groupe vert'libéral,Membre,pvl,Parti vert'libéral,4802,2008-03-03,3223,90217,45,310,6.888888888888888,136.1,372.9
2735,4008,Martin,Landolt,m,30.06.1968,48,3,40-49,D,GL,Glaris,CN,2015-10-18T00:00:00,2015-11-30T00:00:00,BD,Groupe BD,Membre,PBD,Parti bourgeois-démocratique suisse,4807,2009-03-02,2859,38089,40,137,3.425,123.8,323.9
2738,4018,Jacques-André,Maire,m,27.05.1957,59,4,50-59,F,NE,Neuchâtel,CN,2015-10-18T00:00:00,2015-11-30T00:00:00,S,Groupe socialiste,Membre,PSS,Parti socialiste suisse,4812,2009-11-23,2593,69643,35,174,4.971428571428572,294.3,446.9
2740,4025,Roland Rino,Büchel,m,08.10.1965,51,4,50-59,D,SG,St-Gall,CN,2015-10-18T00:00:00,2015-11-30T00:00:00,V,Groupe de l'Union démocratique du Centre,Membre,UDC,Union Démocratique du Centre,4815,2010-09-13,2299,28450,32,159,4.96875,357.8,280.2
2741,4026,Raphaël,Comte,m,29.09.1979,37,2,30-39,F,NE,Neuchâtel,CE,2015-10-18T00:00:00,2015-11-30T00:00:00,RL,Groupe libéral-radical,Membre,PLR,PLR.Les Libéraux-Radicaux,4814,2010-05-31,2404,181606,33,1294,39.21212121212121,704.9,180.9
2743,4030,Prisca,Birrer-Heimo,f,04.02.1959,57,4,50-59,D,LU,Lucerne,CN,2015-10-18T00:00:00,2015-11-30T00:00:00,S,Groupe socialiste,Membre,PSS,Parti socialiste suisse,4814,2010-05-31,2404,47861,33,165,5.0,164,466
2744,4031,Maja,Ingold,f,23.05.1948,68,5,60-69,D,ZH,Zurich,CN,2015-10-18T00:00:00,2015-11-30T00:00:00,C,Groupe PDC,Membre,PEV,Parti évangélique suisse,4814,2010-05-31,2404,31773,33,101,3.060606060606061,94.3,356.1
2745,4032,Beat,Jans,m,12.07.1964,52,4,50-59,D,BS,Bâle-Ville,CN,2015-10-18T00:00:00,2015-11-30T00:00:00,S,Groupe socialiste,Membre,PSS,Parti socialiste suisse,4814,2010-05-31,2404,65336,33,228,6.909090909090909,147.3,537.3
2747,4036,Marianne,Streiff-Feller,f,17.08.1957,59,4,50-59,D,BE,Berne,CN,2015-10-18T00:00:00,2015-11-30T00:00:00,C,Groupe PDC,Membre,PEV,Parti évangélique suisse,4815,2010-09-13,2299,20048,32,62,1.9375,91.5,339.7
2748,4040,Elisabeth,Schneider-Schneiter,f,19.02.1964,52,4,50-59,D,BL,Bâle-Campagne,CN,2015-10-18T00:00:00,2015-11-30T00:00:00,C,Groupe PDC,Membre,PDC,Parti démocrate-chrétien suisse,4817,2011-02-28,2131,31917,30,92,3.066666666666667,69.6,389.9
2750,4042,Sebastian,Frehner,m,02.09.1973,43,3,40-49,D,BS,Bâle-Ville,CN,2015-10-18T00:00:00,2015-11-30T00:00:00,V,Groupe de l'Union démocratique du Centre,Membre,UDC,Union Démocratique du Centre,4820,2011-09-12,1935,30325,27,110,4.0740740740740735,157.1,286.9
2751,4045,Corrado,Pardini,m,19.06.1965,51,4,50-59,D,BE,Berne,CN,2015-10-18T00:00:00,2015-11-30T00:00:00,S,Groupe socialiste,Membre,PSS,Parti socialiste suisse,4819,2011-05-30,2040,38737,28,152,5.428571428571429,212.6,418.6
2752,4046,Lorenzo,Quadri,m,05.11.1974,42,3,40-49,I,TI,Tessin,CN,2015-10-18T00:00:00,2015-11-30T00:00:00,V,Groupe de l'Union démocratique du Centre,Membre,Lega,Lega dei Ticinesi,4901,2011-12-05,1851,11673,26,31,1.1923076923076923,191.1,287.1
2754,4052,Markus,Ritter,m,19.04.1967,49,3,40-49,D,SG,St-Gall,CN,2015-10-18T00:00:00,2015-11-30T00:00:00,C,Groupe PDC,Membre,PDC,Parti démocrate-chrétien suisse,4901,2011-12-05,1851,38030,26,152,5.846153846153847,64.4,373.6
2757,4051,Thomas,de Courten,m,29.07.1966,50,4,50-59,D,BL,Bâle-Campagne,CN,2015-10-18T00:00:00,2015-11-30T00:00:00,V,Groupe de l'Union démocratique du Centre,Membre,UDC,Union Démocratique du Centre,4902,2012-02-27,1767,45787,25,132,5.28,242.9,175
2758,4053,Thomas,Aeschi,m,13.01.1979,37,2,30-39,D,ZG,Zoug,CN,2015-10-18T00:00:00,2015-11-30T00:00:00,V,Groupe de l'Union démocratique du Centre,Membre,UDC,Union Démocratique du Centre,4901,2011-12-05,1851,55172,26,230,8.846153846153848,215.8,76.2
2759,4057,Cédric,Wermuth,m,19.02.1986,30,2,30-39,D,AG,Argovie,CN,2015-10-18T00:00:00,2015-11-30T00:00:00,S,Groupe socialiste,Membre,PSS,Parti socialiste suisse,4902,2012-02-27,1767,29612,25,133,5.32,179.6,556.1
2760,4049,Matthias,Aebischer,m,18.10.1967,49,3,40-49,D,BE,Berne,CN,2015-10-18T00:00:00,2015-11-30T00:00:00,S,Groupe socialiste,Membre,PSS,Parti socialiste suisse,4901,2011-12-05,1851,17426,26,70,2.6923076923076925,201.9,452.1
2761,4054,Albert,Vitali,m,26.06.1955,61,5,60-69,D,LU,Lucerne,CN,2015-10-18T00:00:00,2015-11-30T00:00:00,RL,Groupe libéral-radical,Membre,PLR,PLR.Les Libéraux-Radicaux,4904,2012-05-29,1675,27880,23,106,4.608695652173913,56.8,268.7
2762,4058,Jacqueline,Badran,f,12.11.1961,55,4,50-59,D,ZH,Zurich,CN,2015-10-18T00:00:00,2015-11-30T00:00:00,S,Groupe socialiste,Membre,PSS,Parti socialiste suisse,4902,2012-02-27,1767,23178,25,145,5.8,295.1,480.7
2763,4061,Thomas,Hardegger,m,02.04.1956,60,5,60-69,D,ZH,Zurich,CN,2015-10-18T00:00:00,2015-11-30T00:00:00,S,Groupe socialiste,Membre,PSS,Parti socialiste suisse,4902,2012-02-27,1767,20363,25,57,2.28,178.8,476
2764,4071,Urs,Gasche,m,15.03.1955,61,5,60-69,D,BE,Berne,CN,2015-10-18T00:00:00,2015-12-08T00:00:00,BD,Groupe BD,Membre,PBD,Parti bourgeois-démocratique suisse,4901,2011-12-05,1851,12837,26,52,2.0,167.2,360.2
2765,4059,Beat,Flach,m,21.01.1965,51,4,50-59,D,AG,Argovie,CN,2015-10-18T00:00:00,2015-11-30T00:00:00,GL,Groupe vert'libéral,Membre,pvl,Parti vert'libéral,4901,2011-12-05,1851,82335,26,226,8.692307692307693,130.9,356.6
2766,4060,Daniela,Schneeberger,f,19.09.1967,49,3,40-49,D,BL,Bâle-Campagne,CN,2015-10-18T00:00:00,2015-11-30T00:00:00,RL,Groupe libéral-radical,Membre,PLR,PLR.Les Libéraux-Radicaux,4902,2012-02-27,1767,24338,25,78,3.12,92.7,174.1
2767,4056,Daniel,Fässler,m,22.08.1960,56,4,50-59,D,AI,Appenzell Rh.-Int.,CN,2015-10-18T00:00:00,2015-11-30T00:00:00,C,Groupe PDC,Membre,PDC,Parti démocrate-chrétien suisse,4901,2011-12-05,1851,30165,26,101,3.8846153846153846,26.1,361.3
2768,4055,Stefan,Engler,m,30.05.1960,56,4,50-59,RM,GR,Grisons,CE,2015-10-18T00:00:00,2015-11-30T00:00:00,C,Groupe PDC,Membre,PDC,Parti démocrate-chrétien suisse,4901,2011-12-05,1851,143829,26,392,15.076923076923075,629.6,477.2
2769,4062,Karin,Keller-Sutter,f,22.12.1963,52,4,50-59,D,SG,St-Gall,CE,2015-10-18T00:00:00,2015-11-30T00:00:00,RL,Groupe libéral-radical,Membre,PLR,PLR.Les Libéraux-Radicaux,4902,2012-02-27,1767,104566,25,173,6.92,551.6,366.5
2770,4070,Martin,Candinas,m,20.08.1980,36,2,30-39,RM,GR,Grisons,CN,2015-10-18T00:00:00,2015-11-30T00:00:00,C,Groupe PDC,Membre,PDC,Parti démocrate-chrétien suisse,4901,2011-12-05,1851,33585,26,97,3.7307692307692313,57.6,442.9
2771,4063,Stefan,Müller-Altermatt,m,17.06.1976,40,3,40-49,D,SO,Soleure,CN,2015-10-18T00:00:00,2015-11-30T00:00:00,C,Groupe PDC,Membre,PDC,Parti démocrate-chrétien suisse,4902,2012-02-27,1767,37859,25,95,3.8,60,357.7
2772,4067,Heinz,Brand,m,06.09.1955,61,5,60-69,D,GR,Grisons,CN,2015-10-18T00:00:00,2015-11-30T00:00:00,V,Groupe de l'Union démocratique du Centre,Membre,UDC,Union Démocratique du Centre,4902,2012-02-27,1767,23294,25,69,2.76,206.2,116.8
2773,4073,Roberta,Pantani,f,19.09.1965,51,4,50-59,I,TI,Tessin,CN,2015-10-18T00:00:00,2015-11-30T00:00:00,V,Groupe de l'Union démocratique du Centre,Membre,Lega,Lega dei Ticinesi,4902,2012-02-27,1767,15316,25,39,1.56,195.6,271.4
2774,4068,Roland,Eberle,m,07.12.1953,62,5,60-69,D,TG,Thurgovie,CE,2015-10-18T00:00:00,2015-11-30T00:00:00,V,Groupe de l'Union démocratique du Centre,Membre,UDC,Union Démocratique du Centre,4901,2011-12-05,1851,49675,26,166,6.384615384615384,680.1,270.5
2775,4075,Andrea,Caroni,m,19.04.1980,36,2,30-39,D,AR,Appenzell Rh.-Ext.,CE,2015-10-18T00:00:00,2015-11-30T00:00:00,RL,Groupe libéral-radical,Membre,PLR,PLR.Les Libéraux-Radicaux,4902,2012-02-27,1767,72219,25,165,6.6,702.9,238.9
2776,4072,Fabio,Regazzi,m,22.06.1962,54,4,50-59,I,TI,Tessin,CN,2015-10-18T00:00:00,2015-11-30T00:00:00,C,Groupe PDC,Membre,PDC,Parti démocrate-chrétien suisse,4901,2011-12-05,1851,37198,26,80,3.0769230769230766,92.7,435.8
2777,4069,Yvonne,Feri,f,21.03.1966,50,4,50-59,D,AG,Argovie,CN,2015-10-18T00:00:00,2015-11-30T00:00:00,S,Groupe socialiste,Membre,PSS,Parti socialiste suisse,4902,2012-02-27,1767,27098,25,77,3.08,251.3,543.7
2778,4074,Pierre-Alain,Fridez,m,20.11.1957,58,4,50-59,F,JU,Jura,CN,2015-10-18T00:00:00,2015-11-30T00:00:00,S,Groupe socialiste,Membre,PSS,Parti socialiste suisse,4901,2011-12-05,1851,57617,26,136,5.230769230769232,325.4,330.1
2779,4066,Rosmarie,Quadranti,f,18.07.1957,59,4,50-59,D,ZH,Zurich,CN,2015-10-18T00:00:00,2015-11-30T00:00:00,BD,Groupe BD,Président(e),PBD,Parti bourgeois-démocratique suisse,4901,2011-12-05,1851,50736,26,153,5.884615384615384,126.5,340.6
2780,4064,Joachim,Eder,m,24.11.1951,64,5,60-69,D,ZG,Zoug,CE,2015-10-18T00:00:00,2015-11-30T00:00:00,RL,Groupe libéral-radical,Membre,PLR,PLR.Les Libéraux-Radicaux,4902,2012-02-27,1767,70639,25,153,6.12,692.7,441.4
2781,4065,Nadja,Pieren,f,14.02.1980,36,2,30-39,D,BE,Berne,CN,2015-10-18T00:00:00,2015-11-30T00:00:00,V,Groupe de l'Union démocratique du Centre,Membre,UDC,Union Démocratique du Centre,4902,2012-02-27,1767,9311,25,53,2.12,167.2,99.8
2783,4078,Martin,Schmid,m,24.05.1969,47,3,40-49,D,GR,Grisons,CE,2015-10-18T00:00:00,2015-11-30T00:00:00,RL,Groupe libéral-radical,Membre,PLR,PLR.Les Libéraux-Radicaux,4902,2012-02-27,1767,113547,25,268,10.72,715.8,414.1
2784,4084,Bruno,Pezzatti,m,04.03.1951,65,5,60-69,D,ZG,Zoug,CN,2015-10-18T00:00:00,2015-11-30T00:00:00,RL,Groupe libéral-radical,Membre,PLR,PLR.Les Libéraux-Radicaux,4905,2012-09-10,1571,17469,22,69,3.136363636363636,102.2,160.8
2785,4082,Bernhard,Guhl,m,10.06.1972,44,3,40-49,D,AG,Argovie,CN,2015-10-18T00:00:00,2015-11-30T00:00:00,BD,Groupe BD,Membre,PBD,Parti bourgeois-démocratique suisse,4901,2011-12-05,1851,36286,26,165,6.346153846153847,157.6,323.5
2786,4083,Jürg,Grossen,m,24.08.1969,47,3,40-49,D,BE,Berne,CN,2015-10-18T00:00:00,2015-11-30T00:00:00,GL,Groupe vert'libéral,Membre,pvl,Parti vert'libéral,4902,2012-02-27,1767,38967,25,127,5.08,152.4,402
2787,4085,Karl,Vogler,m,24.03.1956,60,5,60-69,D,OW,Obwald,CN,2015-10-18T00:00:00,2015-11-30T00:00:00,C,Groupe PDC,Membre,csp-ow,Christlich-soziale Partei Obwalden,4902,2012-02-27,1767,77974,25,226,9.04,99.5,371.2
2788,4079,Fathi,Derder,m,04.12.1970,45,3,40-49,F,VD,Vaud,CN,2015-10-18T00:00:00,2015-11-30T00:00:00,RL,Groupe libéral-radical,Membre,PLR,PLR.Les Libéraux-Radicaux,4902,2012-02-27,1767,43258,25,89,3.56,69.6,219.5
2789,4077,Olivier,Feller,m,30.08.1974,42,3,40-49,F,VD,Vaud,CN,2015-10-18T00:00:00,2015-11-30T00:00:00,RL,Groupe libéral-radical,Membre,PLR,PLR.Les Libéraux-Radicaux,4902,2012-02-27,1767,40500,25,117,4.68,84.4,189.2
2790,4086,Yannick,Buttet,m,12.07.1977,39,2,30-39,F,VS,Valais,CN,2015-10-18T00:00:00,2015-11-30T00:00:00,C,Groupe PDC,Membre,PDC,Parti démocrate-chrétien suisse,4902,2012-02-27,1767,26952,25,94,3.76,83.9,420.6
2792,4076,Philipp,Hadorn,m,06.02.1967,49,3,40-49,D,SO,Soleure,CN,2015-10-18T00:00:00,2015-11-30T00:00:00,S,Groupe socialiste,Membre,PSS,Parti socialiste suisse,4901,2011-12-05,1851,43663,26,130,5.0,207.4,493.9
2793,4088,Isidor,Baumann,m,23.09.1955,61,5,60-69,D,UR,Uri,CE,2015-10-18T00:00:00,2015-11-30T00:00:00,C,Groupe PDC,Membre,PDC,Parti démocrate-chrétien suisse,4902,2012-02-27,1767,61741,25,145,5.8,648.5,471
2795,4091,Mathias,Reynard,m,07.09.1987,29,1,20-29,F,VS,Valais,CN,2015-10-18T00:00:00,2015-11-30T00:00:00,S,Groupe socialiste,Membre,PSS,Parti socialiste suisse,4901,2011-12-05,1851,39933,26,105,4.038461538461538,260,440.9
2796,4090,Céline,Amaudruz,f,15.03.1979,37,2,30-39,F,GE,Genève,CN,2015-10-18T00:00:00,2015-11-30T00:00:00,V,Groupe de l'Union démocratique du Centre,Membre,UDC,Union Démocratique du Centre,4901,2011-12-05,1851,56140,26,136,5.230769230769232,130.5,83.4
2798,4087,Jean-Paul,Gschwind,m,31.10.1952,64,5,60-69,F,JU,Jura,CN,2015-10-18T00:00:00,2015-11-30T00:00:00,C,Groupe PDC,Membre,PDC,Parti démocrate-chrétien suisse,4901,2011-12-05,1851,42760,26,96,3.692307692307693,102.2,450.1
2799,4094,Lorenz,Hess,m,28.06.1961,55,4,50-59,D,BE,Berne,CN,2015-10-18T00:00:00,2015-11-30T00:00:00,BD,Groupe BD,Membre,PBD,Parti bourgeois-démocratique suisse,4901,2011-12-05,1851,35916,26,97,3.7307692307692313,126.3,269.8
3000,4095,Regula,Rytz,f,02.03.1962,54,4,50-59,D,BE,Berne,CN,2015-10-18T00:00:00,2015-11-30T00:00:00,G,Groupe des Verts,Membre,PES,Parti écologiste suisse,4902,2012-02-27,1767,45660,25,146,5.84,209.8,366.9
3001,4096,Alois,Gmür,m,03.04.1955,61,5,60-69,D,SZ,Schwyz,CN,2015-10-18T00:00:00,2015-11-30T00:00:00,C,Groupe PDC,Membre,PDC,Parti démocrate-chrétien suisse,4901,2011-12-05,1851,16562,26,80,3.0769230769230766,56.8,340.9
3002,4103,Markus,Hausammann,m,20.09.1964,52,4,50-59,D,TG,Thurgovie,CN,2015-10-18T00:00:00,2015-11-30T00:00:00,V,Groupe de l'Union démocratique du Centre,Membre,UDC,Union Démocratique du Centre,4902,2012-02-27,1767,16781,25,123,4.92,249.5,208.7
3003,4093,Balthasar,Glättli,m,12.02.1972,44,3,40-49,D,ZH,Zurich,CN,2015-10-18T00:00:00,2015-11-30T00:00:00,G,Groupe des Verts,Président(e),PES,Parti écologiste suisse,4902,2012-02-27,1767,84989,25,283,11.32,234.1,341.8
3005,4110,Hans,Egloff,m,27.11.1959,56,4,50-59,D,ZH,Zurich,CN,2015-10-18T00:00:00,2015-11-30T00:00:00,V,Groupe de l'Union démocratique du Centre,Membre,UDC,Union Démocratique du Centre,4902,2012-02-27,1767,9019,25,39,1.56,233.6,268.8
3007,4113,Manuel,Tornare,m,20.04.1951,65,5,60-69,F,GE,Genève,CN,2015-10-18T00:00:00,2015-11-30T00:00:00,S,Groupe socialiste,Membre,PSS,Parti socialiste suisse,4902,2012-02-27,1767,31134,25,69,2.76,277.6,444.9
3009,4109,Valérie,Piller Carrard,f,09.09.1978,38,2,30-39,F,FR,Fribourg,CN,2015-10-18T00:00:00,2015-11-30T00:00:00,S,Groupe socialiste,Membre,PSS,Parti socialiste suisse,4902,2012-02-27,1767,24517,25,57,2.28,222.6,500.7
3010,4100,Albert,Rösti,m,07.08.1967,49,3,40-49,D,BE,Berne,CN,2015-10-18T00:00:00,2015-11-30T00:00:00,V,Groupe de l'Union démocratique du Centre,Membre,UDC,Union Démocratique du Centre,4901,2011-12-05,1851,39355,26,163,6.269230769230768,161.9,63.2
3012,4097,Leo,Müller,m,04.07.1958,58,4,50-59,D,LU,Lucerne,CN,2015-10-18T00:00:00,2015-11-30T00:00:00,C,Groupe PDC,Membre,PDC,Parti démocrate-chrétien suisse,4902,2012-02-27,1767,47309,25,158,6.32,77.1,472.4
3013,4098,Peter,Keller,m,22.04.1971,45,3,40-49,D,NW,Nidwald,CN,2015-10-18T00:00:00,2015-11-30T00:00:00,V,Groupe de l'Union démocratique du Centre,Membre,UDC,Union Démocratique du Centre,4902,2012-02-27,1767,20912,25,110,4.4,221.7,110.2
3014,4107,Cesla,Amarelle,f,14.09.1973,43,3,40-49,F,VD,Vaud,CN,2015-10-18T00:00:00,2015-11-30T00:00:00,S,Groupe socialiste,Membre,PSS,Parti socialiste suisse,4904,2012-05-29,1675,60797,23,121,5.260869565217392,216.6,534.1
3016,4102,Kathrin,Bertschy,f,02.07.1979,37,2,30-39,D,BE,Berne,CN,2015-10-18T00:00:00,2015-11-30T00:00:00,GL,Groupe vert'libéral,Membre,pvl,Parti vert'libéral,4902,2012-02-27,1767,40046,25,145,5.8,186.3,391.3
3017,4101,Christine,Bulliard-Marbach,f,13.10.1959,57,4,50-59,D,FR,Fribourg,CN,2015-10-18T00:00:00,2015-11-30T00:00:00,C,Groupe PDC,Membre,PDC,Parti démocrate-chrétien suisse,4902,2012-02-27,1767,28641,25,67,2.68,113.4,462.9
3018,4106,Martin,Naef,m,10.11.1970,46,3,40-49,D,ZH,Zurich,CN,2015-10-18T00:00:00,2015-11-30T00:00:00,S,Groupe socialiste,Membre,PSS,Parti socialiste suisse,4903,2012-05-02,1702,11991,24,45,1.875,272.4,513
3019,4112,Thomas,Minder,m,26.12.1960,55,4,50-59,D,SH,Schaffhouse,CE,2015-10-18T00:00:00,2015-11-30T00:00:00,V,Groupe de l'Union démocratique du Centre,Membre,-,sans parti,4901,2011-12-05,1851,105092,26,176,6.769230769230768,673.5,253.7
3020,4115,Jean Christophe,Schwaab,m,23.08.1979,37,2,30-39,F,VD,Vaud,CN,2015-10-18T00:00:00,2015-11-30T00:00:00,S,Groupe socialiste,Membre,PSS,Parti socialiste suisse,4901,2011-12-05,1851,101813,26,214,8.23076923076923,200.3,527
3021,4114,Hansjörg,Knecht,m,24.03.1960,56,4,50-59,D,AG,Argovie,CN,2015-10-18T00:00:00,2015-11-30T00:00:00,V,Groupe de l'Union démocratique du Centre,Membre,UDC,Union Démocratique du Centre,4904,2012-05-29,1675,22250,23,61,2.652173913043478,212.4,192.8
3023,4116,Petra,Gössi,f,12.01.1976,40,3,40-49,D,SZ,Schwyz,CN,2015-10-18T00:00:00,2015-11-30T00:00:00,RL,Groupe libéral-radical,Membre,PLR,PLR.Les Libéraux-Radicaux,4902,2012-02-27,1767,21068,25,61,2.44,35.6,215.5
3024,4118,Christian,Lohr,m,05.04.1962,54,4,50-59,D,TG,Thurgovie,CN,2015-10-18T00:00:00,2015-11-30T00:00:00,C,Groupe PDC,Membre,PDC,Parti démocrate-chrétien suisse,4902,2012-02-27,1767,13386,25,38,1.52,88.3,486.4
3025,4120,Marco,Romano,m,06.11.1982,34,2,30-39,I,TI,Tessin,CN,2015-10-18T00:00:00,2015-11-30T00:00:00,C,Groupe PDC,Membre,PDC,Parti démocrate-chrétien suisse,4901,2011-12-05,1851,49572,26,118,4.538461538461538,67.2,458.1
3026,4121,Barbara,Gysi,f,14.05.1964,52,4,50-59,D,SG,St-Gall,CN,2015-10-18T00:00:00,2015-11-30T00:00:00,S,Groupe socialiste,Membre,PSS,Parti socialiste suisse,4904,2012-05-29,1675,41575,23,158,6.869565217391305,162.8,546.9
3029,4124,Peter,Schilliger,m,01.06.1959,57,4,50-59,D,LU,Lucerne,CN,2015-10-18T00:00:00,2015-11-30T00:00:00,RL,Groupe libéral-radical,Membre,PLR,PLR.Les Libéraux-Radicaux,4906,2012-11-26,1494,22309,21,85,4.047619047619048,64,236.5
3030,4125,Gregor,Rutz,m,12.10.1972,44,3,40-49,D,ZH,Zurich,CN,2015-10-18T00:00:00,2015-11-30T00:00:00,V,Groupe de l'Union démocratique du Centre,Membre,UDC,Union Démocratique du Centre,4906,2012-11-26,1494,22261,21,92,4.380952380952381,129.2,253.4
3033,4129,Verena,Herzog,f,07.02.1956,60,5,60-69,D,TG,Thurgovie,CN,2015-10-18T00:00:00,2015-11-30T00:00:00,V,Groupe de l'Union démocratique du Centre,Membre,UDC,Union Démocratique du Centre,4907,2013-03-04,1396,17951,20,83,4.15,168,250.2
3034,4130,Nadine,Masshardt,f,04.10.1984,32,2,30-39,D,BE,Berne,CN,2015-10-18T00:00:00,2015-11-30T00:00:00,S,Groupe socialiste,Membre,PSS,Parti socialiste suisse,4907,2013-03-04,1396,7695,20,23,1.15,215.8,460.4
3035,4131,Claudia,Friedl,f,19.07.1960,56,4,50-59,D,SG,St-Gall,CN,2015-10-18T00:00:00,2015-11-30T00:00:00,S,Groupe socialiste,Membre,PSS,Parti socialiste suisse,4907,2013-03-04,1396,21572,20,73,3.65,254.9,509.8
3036,4134,Martina,Munz,f,26.12.1955,60,5,60-69,D,SH,Schaffhouse,CN,2015-10-18T00:00:00,2015-11-30T00:00:00,S,Groupe socialiste,Membre,PSS,Parti socialiste suisse,4911,2013-11-25,1130,14670,16,66,4.125,183.5,519.8
3037,4135,Raymond,Clottu,m,18.12.1967,48,3,40-49,F,NE,Neuchâtel,CN,2015-10-18T00:00:00,2015-11-30T00:00:00,V,Groupe de l'Union démocratique du Centre,Membre,UDC,Union Démocratique du Centre,4911,2013-11-25,1130,18097,16,71,4.4375,325.3,295.1
3039,4137,Roger,Golay,m,23.09.1959,57,4,50-59,F,GE,Genève,CN,2015-10-18T00:00:00,2015-11-30T00:00:00,V,Groupe de l'Union démocratique du Centre,Membre,MCG,Mouvement Citoyens Genevois,4911,2013-11-25,1130,22500,16,59,3.6875,325.5,312.6
3040,4138,Guillaume,Barazzone,m,13.01.1982,34,2,30-39,F,GE,Genève,CN,2015-10-18T00:00:00,2015-11-30T00:00:00,C,Groupe PDC,Membre,PDC,Parti démocrate-chrétien suisse,4912,2014-03-03,1032,31481,15,71,4.733333333333333,76.3,405.9
3041,4139,Thomas,Hefti,m,30.10.1959,57,4,50-59,D,GL,Glaris,CE,2015-10-18T00:00:00,2015-11-30T00:00:00,RL,Groupe libéral-radical,Membre,PLR,PLR.Les Libéraux-Radicaux,4914,2014-06-02,941,20086,13,89,6.846153846153847,705.7,428.1
3042,4140,Giovanni,Merlini,m,27.05.1962,54,4,50-59,I,TI,Tessin,CN,2015-10-18T00:00:00,2015-11-30T00:00:00,RL,Groupe libéral-radical,Membre,PLR,PLR.Les Libéraux-Radicaux,4913,2014-05-05,969,19568,14,45,3.2142857142857144,59.7,252.7
3043,4141,Hans-Peter,Portmann,m,22.02.1963,53,4,50-59,D,ZH,Zurich,CN,2015-10-18T00:00:00,2015-11-30T00:00:00,RL,Groupe libéral-radical,Membre,PLR,PLR.Les Libéraux-Radicaux,4914,2014-06-02,941,13620,13,75,5.769230769230768,76.2,204.1
3044,4142,Beat,Walti,m,22.11.1968,47,3,40-49,D,ZH,Zurich,CN,2015-10-18T00:00:00,2015-11-30T00:00:00,RL,Groupe libéral-radical,Membre,PLR,PLR.Les Libéraux-Radicaux,4915,2014-09-08,843,14585,12,36,3.0,66.9,151.5
3045,4143,Rebecca Ana,Ruiz,f,04.02.1982,34,2,30-39,F,VD,Vaud,CN,2015-10-18T00:00:00,2015-11-30T00:00:00,S,Groupe socialiste,Membre,PSS,Parti socialiste suisse,4915,2014-09-08,843,27010,12,50,4.166666666666667,246.5,472.8
3046,4144,Thomas,Matter,m,23.03.1966,50,4,50-59,D,ZH,Zurich,CN,2015-10-18T00:00:00,2015-11-30T00:00:00,V,Groupe de l'Union démocratique du Centre,Membre,UDC,Union Démocratique du Centre,4914,2014-06-02,941,10191,13,82,6.307692307692308,139.3,119.8
3047,4145,Werner,Hösli,m,30.08.1961,55,4,50-59,D,GL,Glaris,CE,2015-10-18T00:00:00,2015-11-30T00:00:00,V,Groupe de l'Union démocratique du Centre,Membre,UDC,Union Démocratique du Centre,4915,2014-09-08,843,40175,12,90,7.5,683,322
3051,4149,Christine,Häsler,f,11.01.1963,53,4,50-59,D,BE,Berne,CN,2015-10-18T00:00:00,2015-11-30T00:00:00,G,Groupe des Verts,Membre,PES,Parti écologiste suisse,4920,2015-09-07,479,4950,7,20,2.8571428571428568,227,323.5
3052,4151,Josef,Dittli,m,11.04.1957,59,4,50-59,D,UR,Uri,CE,2015-10-18T00:00:00,2015-11-30T00:00:00,RL,Groupe libéral-radical,Membre,PLR,PLR.Les Libéraux-Radicaux,5002,2016-02-29,304,8686,5,28,5.6,653.8,223.9
3053,4153,Peter,Hegglin,m,25.12.1960,55,4,50-59,D,ZG,Zoug,CE,2015-10-18T00:00:00,2015-11-30T00:00:00,C,Groupe PDC,Membre,PDC,Parti démocrate-chrétien suisse,5001,2015-11-30,395,9272,6,25,4.166666666666667,624.8,405.2
3054,4152,Hans,Wicki,m,18.02.1964,52,4,50-59,D,NW,Nidwald,CE,2015-10-18T00:00:00,2015-11-30T00:00:00,RL,Groupe libéral-radical,Membre,PLR,PLR.Les Libéraux-Radicaux,5002,2016-02-29,304,3577,5,18,3.6,672.9,356.9
3055,4154,Jean-Luc,Addor,m,22.04.1964,52,4,50-59,F,VS,Valais,CN,2015-10-18T00:00:00,2015-11-30T00:00:00,V,Groupe de l'Union démocratique du Centre,Membre,UDC,Union Démocratique du Centre,5001,2015-11-30,395,3753,6,28,4.666666666666667,253.8,100.4
3056,4180,Thomas,Ammann,m,13.07.1964,52,4,50-59,D,SG,St-Gall,CN,2015-10-18T00:00:00,2015-11-30T00:00:00,C,Groupe PDC,Membre,PDC,Parti démocrate-chrétien suisse,5004,2016-05-30,213,990,3,3,1.0,111.4,400.3
3057,4155,Beat,Arnold,m,24.04.1978,38,2,30-39,D,UR,Uri,CN,2015-10-18T00:00:00,2015-11-30T00:00:00,V,Groupe de l'Union démocratique du Centre,Membre,UDC,Union Démocratique du Centre,5002,2016-02-29,304,604,5,3,0.6,279.6,199.7
3058,4184,Sibel,Arslan,f,23.06.1980,36,2,30-39,Tr,BS,Bâle-Ville,CN,2015-10-18T00:00:00,2015-11-30T00:00:00,G,Groupe des Verts,Membre,BastA,Grüne (Basels starke Alternative),5002,2016-02-29,304,7530,5,26,5.2,195.5,339.1
3059,4187,Philippe,Bauer,m,09.04.1962,54,4,50-59,F,NE,Neuchâtel,CN,2015-10-18T00:00:00,2015-11-30T00:00:00,RL,Groupe libéral-radical,Membre,PLR,PLR.Les Libéraux-Radicaux,5001,2015-11-30,395,9046,6,24,4.0,138.1,170.9
3060,4182,Claude,Béglé,m,04.12.1949,66,5,60-69,F,VD,Vaud,CN,2015-10-18T00:00:00,2015-11-30T00:00:00,C,Groupe PDC,Membre,PDC,Parti démocrate-chrétien suisse,5001,2015-11-30,395,10769,6,32,5.333333333333333,137.7,440.1
3061,4188,Frédéric,Borloz,m,22.04.1966,50,4,50-59,F,VD,Vaud,CN,2015-10-18T00:00:00,2015-11-30T00:00:00,RL,Groupe libéral-radical,Membre,PLR,PLR.Les Libéraux-Radicaux,5001,2015-11-30,395,2419,6,4,0.6666666666666666,118.7,196.4
3062,4156,Michaël,Buffat,m,27.09.1979,37,2,30-39,F,VD,Vaud,CN,2015-10-18T00:00:00,2015-11-30T00:00:00,V,Groupe de l'Union démocratique du Centre,Membre,UDC,Union Démocratique du Centre,5001,2015-11-30,395,1347,6,6,1.0,246.1,137.8
3063,4157,Manfred,Bühler,m,10.04.1979,37,2,30-39,F,BE,Berne,CN,2015-10-18T00:00:00,2015-11-30T00:00:00,V,Groupe de l'Union démocratique du Centre,Membre,UDC,Union Démocratique du Centre,5004,2016-05-30,213,1143,3,5,1.6666666666666667,270.8,97.2
3064,4158,Thomas,Burgherr,m,01.08.1962,54,4,50-59,D,AG,Argovie,CN,2015-10-18T00:00:00,2015-11-30T00:00:00,V,Groupe de l'Union démocratique du Centre,Membre,UDC,Union Démocratique du Centre,5005,2016-09-12,108,1435,2,9,4.5,276.1,165.4
3065,4189,Thierry,Burkart,m,21.08.1975,41,3,40-49,D,AG,Argovie,CN,2015-10-18T00:00:00,2015-11-30T00:00:00,RL,Groupe libéral-radical,Membre,PLR,PLR.Les Libéraux-Radicaux,5002,2016-02-29,304,4572,5,13,2.6,325.1,258.8
3066,4200,Duri,Campell,m,05.04.1963,53,4,50-59,RM,GR,Grisons,CN,2015-10-18T00:00:00,2015-11-30T00:00:00,BD,Groupe BD,Membre,PBD,Parti bourgeois-démocratique suisse,5002,2016-02-29,304,1231,5,8,1.6,161.2,341.4
3067,4159,Marco,Chiesa,m,10.10.1974,42,3,40-49,I,TI,Tessin,CN,2015-10-18T00:00:00,2015-11-30T00:00:00,V,Groupe de l'Union démocratique du Centre,Membre,UDC,Union Démocratique du Centre,5003,2016-04-25,248,1177,4,6,1.5,190.8,124.8
3068,4201,Denis,de la Reussille,m,24.10.1960,56,4,50-59,F,NE,Neuchâtel,CN,2015-10-18T00:00:00,2015-11-30T00:00:00,G,Groupe des Verts,Membre,PdT,Parti Suisse du travail,5001,2015-11-30,395,4869,6,11,1.8333333333333333,280,410.6
3069,4160,Marcel,Dettling,m,01.02.1981,35,2,30-39,D,SZ,Schwyz,CN,2015-10-18T00:00:00,2015-11-30T00:00:00,V,Groupe de l'Union démocratique du Centre,Membre,UDC,Union Démocratique du Centre,5002,2016-02-29,304,1158,5,8,1.6,151.3,208.5
3070,4190,Marcel,Dobler,m,29.08.1980,36,2,30-39,D,SG,St-Gall,CN,2015-10-18T00:00:00,2015-11-30T00:00:00,RL,Groupe libéral-radical,Membre,PLR,PLR.Les Libéraux-Radicaux,5002,2016-02-29,304,2445,5,8,1.6,111,210.5
3071,4195,Laurence,Fehlmann Rielle,f,11.09.1955,61,5,60-69,F,GE,Genève,CN,2015-10-18T00:00:00,2015-11-30T00:00:00,S,Groupe socialiste,Membre,PSS,Parti socialiste suisse,5001,2015-11-30,395,6772,6,17,2.833333333333333,262.4,476.8
3072,4185,Jonas,Fricker,m,30.03.1977,39,2,30-39,D,AG,Argovie,CN,2015-10-18T00:00:00,2015-11-30T00:00:00,G,Groupe des Verts,Membre,PES,Parti écologiste suisse,5002,2016-02-29,304,6346,5,21,4.2,201.9,353.8
3073,4191,Benoît,Genecand,m,28.01.1964,52,4,50-59,F,GE,Genève,CN,2015-10-18T00:00:00,2015-11-30T00:00:00,RL,Groupe libéral-radical,Membre,PLR,PLR.Les Libéraux-Radicaux,5002,2016-02-29,304,2250,5,7,1.4,357.5,260.4
3074,4161,Andreas,Glarner,m,09.10.1962,54,4,50-59,D,AG,Argovie,CN,2015-10-18T00:00:00,2015-11-30T00:00:00,V,Groupe de l'Union démocratique du Centre,Membre,UDC,Union Démocratique du Centre,5004,2016-05-30,213,2991,3,22,7.333333333333332,264.7,202.6
3075,4181,Andrea,Gmür-Schönenberger,f,17.07.1964,52,4,50-59,D,LU,Lucerne,CN,2015-10-18T00:00:00,2015-11-30T00:00:00,C,Groupe PDC,Membre,PDC,Parti démocrate-chrétien suisse,5002,2016-02-29,304,2589,5,12,2.4,104.6,385.6
3076,4162,Franz,Grüter,m,29.07.1963,53,4,50-59,D,LU,Lucerne,CN,2015-10-18T00:00:00,2015-11-30T00:00:00,V,Groupe de l'Union démocratique du Centre,Membre,UDC,Union Démocratique du Centre,5002,2016-02-29,304,2063,5,18,3.6,135.3,238.2
3077,4196,Tim,Guldimann,m,19.09.1950,66,5,60-69,D,ZH,Zurich,CN,2015-10-18T00:00:00,2015-11-30T00:00:00,S,Groupe socialiste,Membre,PSS,Parti socialiste suisse,5002,2016-02-29,304,1809,5,9,1.8,167.6,510.6
3078,4163,Erich,Hess,m,25.03.1981,35,2,30-39,D,BE,Berne,CN,2015-10-18T00:00:00,2015-11-30T00:00:00,V,Groupe de l'Union démocratique du Centre,Membre,UDC,Union Démocratique du Centre,5002,2016-02-29,304,1252,5,9,1.8,175.4,233.7
3079,4192,Hermann,Hess,m,22.12.1951,64,5,60-69,D,TG,Thurgovie,CN,2015-10-18T00:00:00,2015-11-30T00:00:00,RL,Groupe libéral-radical,Membre,PLR,PLR.Les Libéraux-Radicaux,0,0,0,0,0,0,0.0,98.5,239.4
3080,4164,Christian,Imark,m,29.01.1982,34,2,30-39,D,SO,Soleure,CN,2015-10-18T00:00:00,2015-11-30T00:00:00,V,Groupe de l'Union démocratique du Centre,Membre,UDC,Union Démocratique du Centre,5001,2015-11-30,395,1740,6,12,2.0,277.4,131.2
3081,4165,Barbara,Keller-Inhelder,f,24.08.1968,48,3,40-49,D,SG,St-Gall,CN,2015-10-18T00:00:00,2015-11-30T00:00:00,V,Groupe de l'Union démocratique du Centre,Membre,UDC,Union Démocratique du Centre,0,0,0,0,0,0,0.0,227,285.5
3082,4166,Roger,Köppel,m,21.03.1965,51,4,50-59,D,ZH,Zurich,CN,2015-10-18T00:00:00,2015-11-30T00:00:00,V,Groupe de l'Union démocratique du Centre,Membre,UDC,Union Démocratique du Centre,5001,2015-11-30,395,3541,6,26,4.333333333333333,201.5,158.5
3083,4183,Géraldine,Marchand-Balet,f,18.01.1971,45,3,40-49,F,VS,Valais,CN,2015-10-18T00:00:00,2015-11-30T00:00:00,C,Groupe PDC,Membre,PDC,Parti démocrate-chrétien suisse,5002,2016-02-29,304,2562,5,7,1.4,128.1,427.4
3084,4197,Min Li,Marti,f,01.06.1974,42,3,40-49,D,ZH,Zurich,CN,2015-10-18T00:00:00,2015-11-30T00:00:00,S,Groupe socialiste,Membre,PSS,Parti socialiste suisse,5002,2016-02-29,304,2680,5,15,3.0,295.5,412.6
3085,4167,Magdalena,Martullo-Blocher,f,13.08.1969,47,3,40-49,D,GR,Grisons,CN,2015-10-18T00:00:00,2015-11-30T00:00:00,V,Groupe de l'Union démocratique du Centre,Membre,UDC,Union Démocratique du Centre,5002,2016-02-29,304,2697,5,26,5.2,198.8,82.8
3086,4186,Lisa,Mazzone,f,25.01.1988,28,1,20-29,F,GE,Genève,CN,2015-10-18T00:00:00,2015-11-30T00:00:00,G,Groupe des Verts,Membre,PES,Parti écologiste suisse,5001,2015-11-30,395,18482,6,46,7.666666666666668,264.4,407.6
3087,4198,Mattea,Meyer,f,09.11.1987,29,1,20-29,D,ZH,Zurich,CN,2015-10-18T00:00:00,2015-11-30T00:00:00,S,Groupe socialiste,Membre,PSS,Parti socialiste suisse,5001,2015-11-30,395,3012,6,29,4.833333333333333,243.3,436.1
3088,4193,Philippe,Nantermod,m,27.03.1984,32,2,30-39,F,VS,Valais,CN,2015-10-18T00:00:00,2015-11-30T00:00:00,RL,Groupe libéral-radical,Membre,PLR,PLR.Les Libéraux-Radicaux,5002,2016-02-29,304,11825,5,32,6.4,104.4,224.8
3089,4168,Jacques,Nicolet,m,24.10.1965,51,4,50-59,F,VD,Vaud,CN,2015-10-18T00:00:00,2015-11-30T00:00:00,V,Groupe de l'Union démocratique du Centre,Membre,UDC,Union Démocratique du Centre,5001,2015-11-30,395,1876,6,8,1.3333333333333333,176.5,134.1
3090,4169,Pierre-André,Page,m,19.04.1960,56,4,50-59,F,FR,Fribourg,CN,2015-10-18T00:00:00,2015-11-30T00:00:00,V,Groupe de l'Union démocratique du Centre,Membre,UDC,Union Démocratique du Centre,5001,2015-11-30,395,2230,6,8,1.3333333333333333,230.4,142.9
3091,4170,Franz,Ruppen,m,24.02.1971,45,3,40-49,D,VS,Valais,CN,2015-10-18T00:00:00,2015-11-30T00:00:00,V,Groupe de l'Union démocratique du Centre,Membre,UDC,Union Démocratique du Centre,5002,2016-02-29,304,2583,5,4,0.8,227.2,183
3092,4172,Werner,Salzmann,m,05.11.1962,54,4,50-59,D,BE,Berne,CN,2015-10-18T00:00:00,2015-11-30T00:00:00,V,Groupe de l'Union démocratique du Centre,Membre,UDC,Union Démocratique du Centre,5001,2015-11-30,395,3926,6,19,3.1666666666666665,152.3,109.7
3094,4199,Priska,Seiler Graf,f,29.08.1968,48,3,40-49,D,ZH,Zurich,CN,2015-10-18T00:00:00,2015-11-30T00:00:00,S,Groupe socialiste,Membre,PSS,Parti socialiste suisse,5001,2015-11-30,395,2585,6,9,1.5,228.2,428.5
3095,4173,Sandra,Sollberger,f,27.10.1973,43,3,40-49,D,BL,Bâle-Campagne,CN,2015-10-18T00:00:00,2015-11-30T00:00:00,V,Groupe de l'Union démocratique du Centre,Membre,UDC,Union Démocratique du Centre,5002,2016-02-29,304,1252,5,19,3.8,210.2,243.3
3096,4174,Barbara,Steinemann,f,18.06.1976,40,3,40-49,D,ZH,Zurich,CN,2015-10-18T00:00:00,2015-11-30T00:00:00,V,Groupe de l'Union démocratique du Centre,Membre,UDC,Union Démocratique du Centre,5005,2016-09-12,108,1864,2,6,3.0,185.8,219.1
3097,4175,Mauro,Tuena,m,25.01.1972,44,3,40-49,D,ZH,Zurich,CN,2015-10-18T00:00:00,2015-11-30T00:00:00,V,Groupe de l'Union démocratique du Centre,Membre,UDC,Union Démocratique du Centre,5002,2016-02-29,304,2263,5,27,5.4,235.7,217.3
3098,4176,Hans-Ueli,Vogt,m,05.12.1969,46,3,40-49,D,ZH,Zurich,CN,2015-10-18T00:00:00,2015-11-30T00:00:00,V,Groupe de l'Union démocratique du Centre,Membre,UDC,Union Démocratique du Centre,5001,2015-11-30,395,3469,6,27,4.5,201.7,256.6
3099,4177,Bruno,Walliser,m,11.04.1966,50,4,50-59,D,ZH,Zurich,CN,2015-10-18T00:00:00,2015-11-30T00:00:00,V,Groupe de l'Union démocratique du Centre,Membre,UDC,Union Démocratique du Centre,0,0,0,0,0,0,0.0,161.3,267.7
3100,4194,Laurent,Wehrli,m,04.06.1965,51,4,50-59,F,VD,Vaud,CN,2015-10-18T00:00:00,2015-11-30T00:00:00,RL,Groupe libéral-radical,Membre,PLR,PLR.Les Libéraux-Radicaux,5002,2016-02-29,304,7318,5,17,3.4,91.1,271
3101,4178,Claudio,Zanetti,m,16.06.1967,49,3,40-49,D,ZH,Zurich,CN,2015-10-18T00:00:00,2015-11-30T00:00:00,V,Groupe de l'Union démocratique du Centre,Membre,UDC,Union Démocratique du Centre,5003,2016-04-25,248,708,4,5,1.25,259.6,169.4
3102,4179,David,Zuberbühler,m,20.02.1979,37,2,30-39,D,AR,Appenzell Rh.-Ext.,CN,2015-10-18T00:00:00,2015-11-30T00:00:00,V,Groupe de l'Union démocratique du Centre,Membre,UDC,Union Démocratique du Centre,5002,2016-02-29,304,730,5,5,1.0,283.5,232.9
3103,4202,Regine,Sauter,f,16.04.1966,50,4,50-59,D,ZH,Zurich,CN,2015-10-18T00:00:00,2015-11-30T00:00:00,RL,Groupe libéral-radical,Membre,PLR,PLR.Les Libéraux-Radicaux,5002,2016-02-29,304,4839,5,24,4.8,94.5,255.6
3104,4203,Angelo,Barrile,m,22.08.1976,40,3,40-49,D,ZH,Zurich,CN,2015-10-18T00:00:00,2015-12-08T00:00:00,S,Groupe socialiste,Membre,PSS,Parti socialiste suisse,5001,2015-11-30,395,2996,6,11,1.8333333333333333,289.1,514.6
3105,4204,Beat,Rieder,m,12.02.1963,53,4,50-59,D,VS,Valais,CE,2015-11-01T00:00:00,2015-11-30T00:00:00,C,Groupe PDC,Membre,PDC,Parti démocrate-chrétien suisse,5002,2016-02-29,304,9134,5,30,6.0,653.5,386.3
3106,4205,Beat,Vonlanthen,m,08.04.1957,59,4,50-59,D,FR,Fribourg,CE,2015-11-08T00:00:00,2015-11-30T00:00:00,C,Groupe PDC,Membre,PDC,Parti démocrate-chrétien suisse,5002,2016-02-29,304,10091,5,30,6.0,608.1,410
3107,4206,Erich,Ettlin,m,30.05.1962,54,4,50-59,D,OW,Obwald,CE,2015-11-15T00:00:00,2015-11-30T00:00:00,C,Groupe PDC,Membre,PDC,Parti démocrate-chrétien suisse,5001,2015-11-30,395,7923,6,23,3.8333333333333335,627.4,441.5
3108,4207,Damian,Müller,m,25.10.1984,32,2,30-39,D,LU,Lucerne,CE,2015-11-15T00:00:00,2015-11-30T00:00:00,RL,Groupe libéral-radical,Membre,PLR,PLR.Les Libéraux-Radicaux,5002,2016-02-29,304,6171,5,25,5.0,665,237.8
3109,4208,Matthias Samuel,Jauslin,m,20.04.1962,54,4,50-59,D,AG,Argovie,CN,2015-11-22T00:00:00,2015-11-30T00:00:00,RL,Groupe libéral-radical,Membre,PLR,PLR.Les Libéraux-Radicaux,5001,2015-11-30,395,5315,6,44,7.333333333333332,127.7,182.8
3110,4209,Hans-Ulrich,Bigler,m,05.04.1958,58,4,50-59,D,ZH,Zurich,CN,2015-11-22T00:00:00,2015-12-08T00:00:00,RL,Groupe libéral-radical,Membre,PLR,PLR.Les Libéraux-Radicaux,5001,2015-11-30,395,3300,6,23,3.8333333333333335,88.4,286.7
3604,4108,Isabelle,Chevalley,f,13.04.1972,44,3,40-49,F,VD,Vaud,CN,2015-10-18T00:00:00,2015-11-30T00:00:00,GL,Groupe vert'libéral,Membre,pvl,Parti vert'libéral,4901,2011-12-05,1851,38441,26,122,4.6923076923076925,176,376.9
